Stn,Block,Grid,Date,Surveyors,Sampled,Y0Count,Y0Weight,Y1Count,Y1Weight,Y2Count,Y2Weight,Y3Count,Y3Weight,Substrata,Media,Easting,Northing,fifteen
1,NoA,250m,27/09/2020,VS,Y,4,4,0,0,0,0,0,0,sand,5,245000,200000,0.0000
2,NoA,250m,27/09/2020,VS,Y,3,3,0,0,0,0,0,0,sand,5,245250,200000,0.0000
3,NoA,250m,27/09/2020,VS,Y,35,15,1,4,0,0,0,0,sand,5,245500,200000,0.0000
4,NoA,250m,27/09/2020,VS,Y,715,340,104,401,9,67,0,0,sand,5,245750,200000,472.0000
5,NoA,250m,27/09/2020,VS,Y,315,212,8,50,4,33,0,0,sand,5,246000,200000,82.0000
6,NoA,250m,27/09/2020,VS,Y,0,0,0,0,0,0,0,0,sand,5,245000,199750,0.0000
7,NoA,250m,27/09/2020,VS,Y,0,0,0,0,0,0,0,0,sand,5,245250,199750,0.0000
8,NoA,250m,27/09/2020,VS,Y,850,650,39,210,2,19,0,0,sand,5,245500,199750,228.0000
26,SB,250m,05/10/2020,VS_AP,Y,0,0,0,0,0,0,0,0,rocks,6,245000,196500,0.0000
32,SB,250m,05/10/2020,VS_AP,N,,,,,,,,,channel,7,245250,197000,
33,SB,250m,05/10/2020,VS_AP,Y,295,154,4,19,0,0,0,0,sand,5,245250,196750,19.0000
34,SB,250m,05/10/2020,VS_AP,Y,20,7,0,0,0,0,0,0,sand,5,245250,196500,0.0000
35,NB,250m,03/10/2020,VS_AP,N,,,,,,,,,channel,7,245500,199250,
42,SB,250m,05/10/2020,VS_AP,N,,,,,,,,,channel,7,245500,196750,
43,SB,250m,05/10/2020,VS_AP,Y,28,9,0,0,4,24,1,9,sand,5,245500,196500,34.0000
44,SB,250m,05/10/2020,VS_AP,N,,,,,,,,,sand,5,245500,196250,
45,SB,250m,05/10/2020,VS_AP,Y,0,0,0,0,0,0,0,0,sand,5,245500,196000,0.0000
46,SB,250m,05/10/2020,VS_AP,Y,0,0,0,0,0,0,0,0,saltmarsh,1,245500,195750,0.0000
48,NB,250m,03/10/2020,VS_AP,N,,,,,,,,,channel,7,245750,199750,
49,NB,250m,03/10/2020,VS_AP,N,,,,,,,,,channel,7,245750,199250,
50,NB,250m,03/10/2020,VS_AP,N,,,,,,,,,channel,7,245750,199000,
56,SD,250m,05/10/2020,VS_AP,N,,,,,,,,,channel,7,245750,196750,
57,SD,250m,05/10/2020,VS_AP,Y,7,1,0,0,0,0,0,0,sand,5,245750,196500,0.0000
58,SB,250m,05/10/2020,VS_AP,Y,0,0,0,0,0,0,0,0,sand,5,245750,196250,0.0000
59,SC,250m,05/10/2020,VS_AP,Y,13,2,2,3,0,0,0,0,mud,2,245750,196000,0.0000
60,SC,250m,05/10/2020,VS_AP,Y,8,1,10,14,0,0,13,49,muddy_sand,3,245750,195750,61.0000
61,SC,250m,05/10/2020,VS_AP,Y,0,0,0,0,0,0,0,0,muddy_sand,3,245750,195500,0.0000
62,NB,250m,03/10/2020,VS_AP,N,,,,,,,,,channel,7,246000,199750,
63,NB,250m,03/10/2020,VS_AP,N,,,,,,,,,channel,7,246000,199500,
64,NB,250m,03/10/2020,VS_AP,N,,,,,,,,,channel,7,246000,199250,
65,ND,250m,02/10/2020,VS_AP,N,,,,,,,,,channel,7,246000,199000,
70,SD,250m,05/10/2020,VS_AP,N,,,,,,,,,channel,7,246000,196750,
71,SD,250m,05/10/2020,VS_AP,N,,,,,,,,,channel,7,246000,196500,
72,SC,250m,05/10/2020,VS_AP,Y,1,1,0,0,0,0,0,0,sand,5,246000,196250,0.0000
73,SC,250m,05/10/2020,VS_AP,Y,0,0,0,0,0,0,0,0,sand,5,246000,195750,0.0000
74,SC,250m,05/10/2020,VS_AP,Y,1,1,17,21,0,0,8,37,sand,5,246000,195500,48.0000
75,SC,250m,05/10/2020,VS_AP,N,,,,,,,,,saltmarsh,1,246000,195250,
76,NB,250m,03/10/2020,VS_AP,N,,,,,,,,,channel,7,246250,199750,
77,NC,250m,03/10/2020,VS_AP,N,,,,,,,,,channel,7,246250,199500,
78,NC,250m,03/10/2020,VS_AP,N,,,,,,,,,channel,7,246250,199250,
79,ND,250m,02/10/2020,VS_AP,N,,,,,,,,,channel,7,246250,199000,
80,ND,250m,02/10/2020,VS_AP,N,,,,,,,,,channel,7,246250,198750,
81,ND,250m,02/10/2020,VS_AP,N,,,,,,,,,channel,7,246250,198500,
86,SD,250m,05/10/2020,VS_AP,N,,,,,,,,,channel,7,246250,196750,
87,SD,250m,05/10/2020,VS_AP,N,,,,,,,,,channel,7,246250,196500,
88,SE,250m,05/10/2020,VS_AP,N,,,,,,,,,channel,7,246250,196250,
89,SE,250m,05/10/2020,VS_AP,N,,,,,,,,,channel,7,246250,196000,
90,SC,250m,05/10/2020,VS_AP,Y,0,0,0,0,0,0,0,0,muddy_sand,3,246250,195750,0.0000
91,SC,250m,05/10/2020,VS_AP,Y,15,9,35,39,5,12,0,0,sand,5,246250,195500,13.0000
92,SC,250m,05/10/2020,VS_AP,N,,,,,,,,,saltmarsh,1,246250,195250,
95,NB,250m,03/10/2020,VS_AP,Y,0,0,0,0,0,0,0,0,sand,5,246500,200000,0.0000
96,NB,250m,03/10/2020,VS_AP,Y,3,6,0,0,0,0,0,0,sand,5,246500,199750,3.0000
97,NC,250m,03/10/2020,VS_AP,Y,0,0,0,0,0,0,0,0,sand,5,246500,199500,0.0000
98,NC,250m,03/10/2020,VS_AP,Y,0,0,0,0,0,0,0,0,sand,5,246500,199250,0.0000
99,NC,250m,03/10/2020,VS_AP,Y,0,0,0,0,0,0,0,0,sand,5,246500,199000,0.0000
100,ND,250m,02/10/2020,VS_AP,N,,,,,,,,,channel,7,246500,198750,
101,ND,250m,02/10/2020,VS_AP,N,,,,,,,,,channel,7,246500,198500,
104,SD,250m,05/10/2020,VS_AP,N,,,,,,,,,channel,7,246500,196750,
105,SD,250m,05/10/2020,VS_AP,N,,,,,,,,,channel,7,246500,196500,
106,SE,250m,05/10/2020,VS_AP,N,,,,,,,,,channel,7,246500,196250,
107,SE,250m,05/10/2020,VS_AP,N,,,,,,,,,channel,7,246500,196000,
108,SE,250m,05/10/2020,VS_AP,Y,16,8,7,33,1,5,1,6,sand,5,246500,195750,44.0000
109,SG,250m,05/10/2020,VS_AP,Y,6,1,0,0,0,0,0,0,sand,5,246500,195500,0.0000
112,NB,250m,03/10/2020,VS_AP,Y,3,4,0,0,1,8,0,0,sand,5,246750,200000,8.0000
113,NC,250m,03/10/2020,VS_AP,Y,5,11,0,0,2,15,0,0,sand,5,246750,199750,15.0000
114,NC,250m,03/10/2020,VS_AP,Y,0,0,0,0,0,0,0,0,sand,5,246750,199500,0.0000
115,NC,250m,03/10/2020,VS_AP,Y,1,1,0,0,0,0,0,0,sand,5,246750,199250,0.0000
116,NC,250m,03/10/2020,VS_AP,Y,1,2,0,0,0,0,0,0,sand,5,246750,199000,0.0000
117,ND,250m,02/10/2020,VS_AP,N,,,,,,,,,channel,7,246750,198750,
118,ND,250m,02/10/2020,VS_AP,N,,,,,,,,,channel,7,246750,198500,
119,ND,250m,02/10/2020,VS_AP,N,,,,,,,,,channel,7,246750,198250,
121,SD,250m,05/10/2020,VS_AP,N,,,,,,,,,channel,7,246750,196750,
122,SD,250m,05/10/2020,VS_AP,N,,,,,,,,,channel,7,246750,196500,
123,SE,250m,05/10/2020,VS_AP,N,,,,,,,,,channel,7,246750,196250,
124,SE,250m,05/10/2020,VS_AP,Y,85,53,0,0,0,0,0,0,sand,5,246750,196000,0.0000
125,SE,250m,05/10/2020,VS_AP,N,,,,,,,,,channel,7,246750,195750,
126,SG,250m,05/10/2020,VS_AP,Y,0,0,0,0,0,0,0,0,sand,5,246750,195500,0.0000
127,SG,250m,05/10/2020,VS_AP,Y,0,0,0,0,0,0,0,0,sand,5,246750,195250,0.0000
128,NE,250m,03/10/2020,RS_PD,N,,,,,,,,,channel,7,247000,200500,
129,NC,250m,03/10/2020,VS_AP,Y,10,9,0,0,1,8,0,0,sand,5,247000,199000,8.0000
130,ND,250m,02/10/2020,VS_AP,Y,0,0,1,2,0,0,0,0,sand,5,247000,198750,2.0000
131,ND,250m,02/10/2020,VS_AP,N,,,,,,,,,channel,7,247000,198500,
132,ND,250m,02/10/2020,VS_AP,N,,,,,,,,,channel,7,247000,198250,
134,SF,250m,04/10/2020,RS_PD,Y,370,69,330,742,0,0,0,0,fine_sand,4,247000,196750,735.0000
135,SF,250m,04/10/2020,RS_PD,Y,0,0,0,0,0,0,0,0,fine_sand,4,247000,196500,0.0000
136,SF,250m,04/10/2020,RS_PD,N,,,,,,,,,channel,7,247000,196250,
137,SF,250m,04/10/2020,RS_PD,N,,,,,,,,,channel,7,247000,196000,
138,SE,250m,05/10/2020,VS_AP,Y,5,1,0,0,0,0,0,0,sand,5,247000,195750,0.0000
139,SG,250m,05/10/2020,VS_AP,Y,0,0,0,0,0,0,0,0,sand,5,247000,195500,0.0000
142,NE,250m,03/10/2020,RS_PD,N,,,,,,,,,channel,7,247250,200500,
143,NE,250m,03/10/2020,RS_PD,Y,830,325,8,29,7,50,4,41,fine_sand,4,247250,200250,122.0000
144,NF,250m,03/10/2020,RS_PD,Y,220,145,1,4,1,5,2,15,fine_sand,4,247250,200000,24.0000
145,NF,250m,03/10/2020,VS_AP,Y,300,170,6,21,4,24,0,0,sand,5,247250,199750,44.0000
146,NF,250m,03/10/2020,VS_AP,Y,3,1,1,1,1,9,0,0,sand,5,247250,199500,9.0000
147,NG,250m,02/10/2020,LB_CG,Y,10,7,2,11,0,0,0,0,sand,5,247250,199250,11.0000
148,NG,250m,02/10/2020,LB_CG,Y,295,167,0,0,0,0,0,0,sand,5,247250,199000,0.0000
149,NH,250m,02/10/2020,VS_AP,N,,,,,,,,,channel,7,247250,198500,
150,ND,250m,02/10/2020,VS_AP,N,,,,,,,,,channel,7,247250,198250,
152,SF,250m,04/10/2020,RS_PD,Y,3,5,0,0,0,0,0,0,fine_sand,4,247250,196750,0.0000
153,SF,250m,04/10/2020,RS_PD,Y,430,188,16,74,1,8,0,0,fine_sand,4,247250,196500,82.0000
154,SF,250m,04/10/2020,RS_PD,Y,312,64,365,789,0,0,0,0,fine_sand,4,247250,196250,789.0000
155,SF,250m,04/10/2020,RS_PD,N,,,,,,,,,channel,7,247250,196000,
156,SE,250m,05/10/2020,VS_AP,Y,1,1,0,0,0,0,0,0,sand,5,247250,195750,0.0000
157,SG,250m,05/10/2020,VS_AP,Y,0,0,0,0,0,0,0,0,sand,5,247250,195500,0.0000
161,NE,250m,03/10/2020,RS_PD,Y,740,193,11,32,16,84,2,17,fine_sand,4,247500,200500,135.0000
162,NE,250m,03/10/2020,RS_PD,Y,810,172,30,101,6,35,2,17,fine_sand,4,247500,200250,150.0000
163,NF,250m,03/10/2020,VS_AP,Y,172,59,0,0,0,0,0,0,sand,5,247500,200000,0.0000
164,NF,250m,03/10/2020,VS_AP,Y,565,155,15,45,4,18,0,0,sand,5,247500,199750,64.0000
165,NF,250m,03/10/2020,VS_AP,Y,14,4,0,0,0,0,0,0,sand,5,247500,199500,0.0000
166,NG,250m,02/10/2020,LB_CG,Y,14,8,1,5,0,0,0,0,sand,5,247500,199250,5.0000
167,NG,250m,02/10/2020,LB_CG,Y,0,0,0,0,0,0,0,0,sand,5,247500,199000,0.0000
168,NH,250m,02/10/2020,VS_AP,Y,61,26,1,1,0,0,0,0,sand,5,247500,198750,0.0000
169,NH,250m,02/10/2020,VS_AP,N,,,,,,,,,channel,7,247500,198500,
170,NH,250m,02/10/2020,VS_AP,N,,,,,,,,,channel,7,247500,198250,
171,NM,250m,30/09/2020,VS_LB,N,,,,,,,,,channel,7,247500,198000,
172,NO,250m,01/10/2020,VS_AP,N,,,,,,,,,channel,7,247500,197250,
173,SF,250m,04/10/2020,RS_PD,Y,670,219,54,170,1,8,0,0,muddy_sand,3,247500,196500,177.0000
174,SH,250m,04/10/2020,RS_PD,Y,216,108,16,59,0,0,0,0,sand,5,247500,196250,59.0000
175,SH,250m,04/10/2020,RS_PD,Y,3,1,0,0,0,0,0,0,fine_sand,4,247500,196000,0.0000
176,SI,250m,04/10/2020,RS_PD,Y,0,0,0,0,0,0,0,0,fine_sand,4,247500,195750,0.0000
177,SG,250m,05/10/2020,VS_AP,Y,4,2,0,0,1,2,0,0,sand,5,247500,195500,2.0000
182,NE,250m,03/10/2020,RS_PD,Y,660,121,4,12,3,18,10,42,fine_sand,4,247750,200500,72.0000
183,NE,250m,03/10/2020,RS_PD,Y,520,170,3,10,4,26,8,67,fine_sand,4,247750,200250,103.0000
184,NI,250m,03/10/2020,RS_PD,Y,89,187,30,94,17,101,6,51,fine_sand,4,247750,200000,248.0000
185,NF,250m,03/10/2020,VS_AP,Y,590,125,18,46,15,68,8,59,sand,5,247750,199750,176.0000
186,NF,250m,03/10/2020,VS_AP,Y,575,67,6,11,9,32,0,0,sand,5,247750,199500,44.0000
187,NG,250m,02/10/2020,LB_CG,Y,420,85,0,0,1,4,0,0,sand,5,247750,199250,4.0000
188,NG,250m,02/10/2020,LB_CG,Y,80,16,1,4,0,0,0,0,sand,5,247750,199000,4.0000
189,NH,250m,02/10/2020,VS_AP,Y,840,280,5,25,1,6,1,9,sand,5,247750,198750,40.0000
190,NH,250m,02/10/2020,VS_AP,Y,10,4,1,1,0,0,0,0,sand,5,247750,198500,0.0000
191,NM,250m,30/09/2020,VS_LB,N,,,,,,,,,channel,7,247750,198000,
192,NO,250m,01/10/2020,VS_AP,N,,,,,,,,,channel,7,247750,197250,
193,NO,250m,01/10/2020,VS_AP,N,,,,,,,,,channel,7,247750,197000,
194,SH,250m,04/10/2020,RS_PD,Y,11,7,2,10,0,0,0,0,sand,5,247750,196250,10.0000
195,SH,250m,04/10/2020,RS_PD,Y,50,16,1,3,0,0,0,0,fine_sand,4,247750,196000,3.0000
196,SI,250m,04/10/2020,VS_AP,Y,4,1,1,2,4,17,0,0,fine_sand,4,247750,195750,19.0000
197,SJ,250m,04/10/2020,RS_PD,Y,0,0,0,0,0,0,0,0,fine_sand,4,247750,195500,0.0000
198,SK,250m,04/10/2020,VS_AP,Y,1,1,1,2,0,0,0,0,fine_sand,4,247750,195250,2.0000
202,NE,250m,03/10/2020,RS_PD,Y,19,2,0,0,0,0,0,0,fine_sand,4,248000,200500,0.0000
203,NE,250m,03/10/2020,RS_PD,Y,910,115,8,16,2,9,0,0,muddy_sand,3,248000,200250,25.0000
204,NI,250m,03/10/2020,RS_PD,Y,760,132,2,6,1,5,1,9,fine_sand,4,248000,200000,20.0000
205,NI,250m,03/10/2020,RS_PD,Y,470,86,60,126,8,36,7,47,sand,5,248000,199750,198.0000
206,NI,250m,03/10/2020,RS_PD,Y,395,41,78,119,24,89,2,13,sand,5,248000,199500,191.0000
207,NG,250m,02/10/2020,LB_CG,Y,285,31,88,151,29,95,20,101,sand,5,248000,199250,367.0000
208,NG,250m,02/10/2020,LB_CG,Y,480,73,56,124,7,41,2,19,sand,5,248000,199000,184.0000
209,NH,250m,02/10/2020,VS_AP,Y,780,171,8,26,7,34,0,0,sand,5,248000,198750,59.0000
210,NH,250m,02/10/2020,VS_AP,Y,130,66,3,10,17,106,0,0,sand,5,248000,198500,117.0000
211,NH,250m,02/10/2020,VS_AP,N,,,,,,,,,channel,7,248000,198250,
212,NM,250m,30/09/2020,VS_LB,N,,,,,,,,,channel,7,248000,198000,
213,NO,250m,01/10/2020,VS_AP,N,,,,,,,,,channel,7,248000,197250,
214,NO,250m,01/10/2020,VS_AP,Y,0,0,0,0,0,0,0,0,sand,5,248000,197000,0.0000
215,SH,250m,04/10/2020,RS_PD,Y,1,1,0,0,0,0,1,15,fine_sand,4,248000,196250,15.0000
216,SH,250m,04/10/2020,RS_PD,Y,830,100,0,0,3,21,0,0,fine_sand,4,248000,196000,21.0000
217,SI,250m,04/10/2020,VS_AP,Y,16,1,1,2,0,0,0,0,fine_sand,4,248000,195750,2.0000
218,SJ,250m,04/10/2020,RS_PD,Y,0,0,0,0,0,0,0,0,fine_sand,4,248000,195500,0.0000
219,SK,250m,04/10/2020,RS_PD,Y,0,0,0,0,0,0,0,0,fine_sand,4,248000,195250,0.0000
220,SK,250m,04/10/2020,RS_PD,Y,0,0,0,0,0,0,0,0,fine_sand,4,248000,195000,0.0000
223,NE,250m,03/10/2020,RS_PD,Y,650,60,3,5,9,39,0,0,fine_sand,4,248250,200250,42.0000
224,NI,250m,03/10/2020,RS_PD,Y,151,29,2,4,3,12,1,6,fine_sand,4,248250,200000,20.0000
225,NI,250m,03/10/2020,RS_PD,Y,500,57,16,34,1,4,1,5,sand,5,248250,199750,44.0000
226,NJ,250m,02/10/2020,LB_CG,Y,137,29,43,66,6,20,19,95,sand,5,248250,199500,173.0000
227,NJ,250m,02/10/2020,LB_CG,Y,65,8,6,7,3,8,8,36,muddy_sand,3,248250,199250,44.0000
228,NG,250m,02/10/2020,LB_CG,Y,476,46,2,4,4,17,0,0,sand,5,248250,199000,21.0000
229,NH,250m,02/10/2020,VS_AP,Y,550,92,7,16,4,16,2,11,muddy_sand,3,248250,198750,47.0000
230,NL,250m,30/09/2020,AP_PD,Y,750,194,7,20,34,152,1,11,sand,5,248250,198500,183.0000
231,NL,250m,30/09/2020,VS_LB,N,,,,,,,,,channel,7,248250,198250,
232,NM,250m,30/09/2020,VS_LB,N,,,,,,,,,channel,7,248250,198000,
233,NO,250m,01/10/2020,VS_AP,Y,240,282,8,49,1,11,0,0,sand,5,248250,197250,84.0000
234,NO,250m,01/10/2020,VS_AP,Y,6,5,0,0,0,0,0,0,sand,5,248250,197000,0.0000
235,SH,250m,04/10/2020,RS_PD,Y,580,104,28,65,4,19,0,0,fine_sand,4,248250,196000,84.0000
236,SI,250m,04/10/2020,VS_AP,Y,104,13,0,0,0,0,0,0,fine_sand,4,248250,195750,0.0000
237,SJ,250m,04/10/2020,VS_AP,Y,23,2,0,0,0,0,0,0,fine_sand,4,248250,195500,0.0000
238,SK,250m,04/10/2020,RS_PD,Y,0,0,0,0,0,0,0,0,fine_sand,4,248250,195250,0.0000
239,SK,250m,04/10/2020,VS_AP,Y,0,0,0,0,0,0,0,0,fine_sand,4,248250,195000,0.0000
242,NE,250m,03/10/2020,RS_PD,Y,295,35,8,14,3,13,0,0,mud,2,248500,200250,25.0000
243,NI,250m,03/10/2020,RS_PD,Y,134,25,1,2,1,5,0,0,fine_sand,4,248500,200000,7.0000
244,NI,250m,03/10/2020,RS_PD,Y,33,4,6,12,0,0,0,0,sand,5,248500,199750,12.0000
245,NJ,250m,02/10/2020,LB_CG,Y,56,4,2,4,1,2,0,0,sand,5,248500,199500,5.0000
246,NJ,250m,02/10/2020,LB_CG,Y,104,8,4,4,0,0,1,4,sand,5,248500,199250,4.0000
247,NG,250m,02/10/2020,LB_CG,Y,47,5,33,48,3,13,1,6,muddy_sand,3,248500,199000,31.0000
248,NH,250m,02/10/2020,VS_AP,Y,77,10,3,9,0,0,1,7,sand,5,248500,198750,15.0000
249,NL,250m,30/09/2020,AP_PD,Y,770,125,76,151,21,83,7,50,sand,5,248500,198500,278.0000
250,NL,250m,30/09/2020,AP_PD,Y,1080,477,0,0,3,16,0,0,sand,5,248500,198250,16.0000
251,NM,250m,30/09/2020,VS_LB,N,,,,,,,,,channel,7,248500,198000,
252,NO,250m,01/10/2020,VS_AP,Y,195,104,76,266,11,70,0,0,fine_sand,4,248500,197250,338.0000
253,NO,250m,01/10/2020,VS_AP,Y,4,4,0,0,0,0,0,0,sand,5,248500,197000,0.0000
254,NO,250m,01/10/2020,VS_AP,N,,,,,,,,,channel,7,248500,196750,
255,SH,250m,04/10/2020,RS_PD,Y,485,92,0,0,0,0,0,0,sand,5,248500,196000,175.0000
256,SI,250m,04/10/2020,VS_AP,Y,31,5,0,0,2,7,1,6,sand,5,248500,195750,13.0000
257,SK,250m,04/10/2020,VS_AP,Y,0,0,0,0,0,0,0,0,sand,5,248500,195000,0.0000
258,SK,250m,04/10/2020,VS_AP,Y,0,0,0,0,0,0,0,0,sand,5,248500,194750,0.0000
261,NE,250m,03/10/2020,RS_PD,Y,19,2,2,7,3,27,0,0,fine_sand,4,248750,200250,34.0000
262,NI,250m,03/10/2020,RS_PD,Y,65,9,0,0,1,4,0,0,fine_sand,4,248750,200000,4.0000
263,NI,250m,03/10/2020,RS_PD,Y,4,1,0,0,0,0,0,0,sand,5,248750,199750,0.0000
264,NJ,250m,02/10/2020,LB_CG,Y,5,1,0,0,0,0,0,0,sand,5,248750,199500,0.0000
265,NJ,250m,02/10/2020,LB_CG,Y,5,1,2,3,0,0,0,0,sand,5,248750,199250,0.0000
266,NK,250m,30/09/2020,AP_PD,Y,86,9,3,3,0,0,4,16,sand,5,248750,199000,16.0000
267,NK,250m,30/09/2020,AP_PD,Y,24,2,8,13,5,21,5,21,sand,5,248750,198750,29.0000
268,NL,250m,30/09/2020,AP_PD,Y,455,49,0,0,1,4,0,0,sand,5,248750,198500,4.0000
269,NM,250m,30/09/2020,VS_LB,N,,,,,,,,,channel,7,248750,198000,
270,NP,250m,01/10/2020,VS_AP,Y,890,373,6,19,32,185,2,22,sand,5,248750,197250,229.0000
271,NP,250m,01/10/2020,VS_AP,Y,5,3,0,0,0,0,0,0,sand,5,248750,197000,0.0000
272,NP,250m,01/10/2020,VS_AP,N,,,,,,,,,channel,7,248750,196750,
273,SH,250m,04/10/2020,RS_PD,Y,840,150,24,55,4,20,0,0,sand,5,248750,196000,76.0000
274,SI,250m,04/10/2020,VS_AP,Y,46,6,9,22,11,40,3,20,sand,5,248750,195750,82.0000
275,SK,250m,04/10/2020,VS_AP,Y,1,1,1,2,0,0,0,0,sand,5,248750,195000,2.0000
276,SK,250m,04/10/2020,VS_AP,Y,0,0,0,0,0,0,0,0,sand,5,248750,194750,0.0000
278,NE,250m,03/10/2020,RS_PD,Y,89,11,0,0,0,0,0,0,muddy_sand,3,249000,200250,0.0000
279,NJ,250m,02/10/2020,VS_AP,Y,0,0,0,0,0,0,0,0,sand,5,249000,199750,0.0000
280,NJ,250m,02/10/2020,LB_CG,Y,0,0,0,0,0,0,0,0,sand,5,249000,199500,0.0000
281,NK,250m,30/09/2020,AP_PD,Y,3,1,1,1,0,0,0,0,sand,5,249000,199250,0.0000
282,NK,250m,30/09/2020,AP_PD,Y,3,1,4,6,1,3,2,9,sand,5,249000,199000,12.0000
283,NK,250m,30/09/2020,AP_PD,Y,6,1,11,13,1,4,0,0,sand,5,249000,198750,4.0000
284,NL,250m,30/09/2020,AP_PD,Y,54,6,5,9,0,0,0,0,sand,5,249000,198500,9.0000
285,NL,250m,30/09/2020,AP_PD,Y,660,112,4,9,0,0,0,0,sand,5,249000,198250,7.0000
286,NM,250m,30/09/2020,VS_LB,Y,880,366,1,4,3,18,1,7,sand,5,249000,198000,30.0000
287,NP,250m,01/10/2020,VS_AP,Y,88,42,0,0,0,0,0,0,sand,5,249000,197250,0.0000
288,NP,250m,01/10/2020,VS_AP,Y,0,0,0,0,0,0,0,0,sand,5,249000,197000,0.0000
289,NP,250m,01/10/2020,VS_AP,N,,,,,,,,,channel,7,249000,196750,
290,SH,250m,04/10/2020,RS_PD,Y,970,111,7,15,0,0,0,0,sand,5,249000,196000,14.0000
291,SI,250m,04/10/2020,VS_AP,Y,184,16,7,17,14,48,0,0,sand,5,249000,195750,66.0000
292,SJ,250m,04/10/2020,VS_AP,Y,7,1,0,0,1,3,1,4,sand,5,249000,195500,7.0000
293,SJ,250m,04/10/2020,VS_AP,Y,0,0,0,0,0,0,0,0,sand,5,249000,195250,0.0000
294,SL,250m,29/09/2020,VS_PD,Y,0,0,0,0,0,0,0,0,fine_sand,4,249000,195000,0.0000
298,NJ,250m,02/10/2020,LB_CG,Y,1,1,1,2,0,0,0,0,sand,5,249225,199475,0.0000
299,NI,250m,03/10/2020,RS_PD,Y,0,0,0,0,0,0,0,0,mud,2,249250,200000,0.0000
300,NJ,250m,02/10/2020,LB_CG,Y,0,0,0,0,0,0,1,6,muddy_sand,3,249250,199750,6.0000
301,NK,250m,30/09/2020,AP_PD,Y,1,1,22,18,3,6,1,4,sand,5,249250,199250,11.0000
302,NK,250m,30/09/2020,AP_PD,Y,1,1,4,3,0,0,1,4,sand,5,249250,199000,4.0000
303,NK,250m,30/09/2020,AP_PD,Y,4,1,2,2,0,0,0,0,sand,5,249250,198750,0.0000
304,NL,250m,30/09/2020,AP_PD,Y,19,1,7,12,0,0,0,0,sand,5,249250,198500,4.0000
305,NL,250m,30/09/2020,AP_PD,Y,92,13,1,2,1,3,0,0,fine_sand,4,249250,198250,6.0000
306,NM,250m,30/09/2020,AP_PD,Y,1090,283,9,35,5,22,0,0,sand,5,249250,198000,58.0000
307,NM,250m,30/09/2020,VS_LB,N,,,,,,,,,channel,7,249250,197750,
308,NP,250m,01/10/2020,VS_AP,Y,760,348,2,6,0,0,0,0,sand,5,249250,197250,8.0000
309,NP,250m,01/10/2020,VS_AP,Y,20,10,0,0,0,0,0,0,sand,5,249250,197000,0.0000
310,NP,250m,01/10/2020,VS_AP,N,,,,,,,,,channel,7,249250,196750,
311,SM,250m,29/09/2020,VS_PD,Y,850,158,2,7,4,23,0,0,muddy_sand,3,249250,196000,28.0000
312,SI,250m,04/10/2020,VS_AP,Y,27,3,2,4,0,0,0,0,sand,5,249250,195750,4.0000
313,SN,250m,29/09/2020,VS_PD,Y,1,1,0,0,0,0,0,0,fine_sand,4,249250,195500,0.0000
314,SJ,250m,04/10/2020,VS_AP,Y,0,0,0,0,0,0,0,0,sand,5,249250,195250,0.0000
315,SL,250m,29/09/2020,VS_PD,Y,0,0,0,0,0,0,0,0,fine_sand,4,249250,195000,0.0000
316,SL,250m,29/09/2020,VS_PD,Y,0,0,0,0,0,0,0,0,fine_sand,4,249250,194750,0.0000
317,NJ,250m,02/10/2020,VS_AP,Y,0,0,0,0,0,0,0,0,muddy_sand,3,249500,199500,0.0000
318,NK,250m,30/09/2020,AP_PD,Y,3,1,1,1,5,13,2,9,fine_sand,4,249500,199250,22.0000
319,NK,250m,30/09/2020,AP_PD,Y,35,4,7,8,4,9,4,15,sand,5,249500,199000,32.0000
320,NL,250m,30/09/2020,AP_PD,Y,76,12,40,64,9,37,0,0,mud,2,249500,198250,72.0000
321,NM,250m,30/09/2020,VS_LB,Y,154,39,0,0,0,0,0,0,muddy_sand,3,249500,198000,0.0000
322,NN,250m,30/09/2020,VS_LB,Y,5,1,0,0,0,0,0,0,sand,5,249500,197750,0.0000
323,NN,250m,30/09/2020,VS_LB,N,,,,,,,,,channel,7,249500,197500,
324,NQ,250m,01/10/2020,VS_AP,Y,860,405,14,62,0,0,0,0,sand,5,249500,197000,62.0000
325,NP,250m,01/10/2020,VS_AP,N,,,,,,,,,channel,7,249500,196750,
326,SM,250m,29/09/2020,VS_PD,Y,167,153,2,15,1,4,0,0,fine_sand,4,249500,196250,18.0000
327,SM,250m,29/09/2020,VS_PD,Y,68,14,3,8,5,23,1,8,fine_sand,4,249500,196000,39.0000
328,SI,250m,04/10/2020,VS_AP,Y,170,29,1,3,3,10,1,5,sand,5,249500,195750,18.0000
329,SN,250m,29/09/2020,VS_PD,Y,0,0,1,2,0,0,2,8,fine_sand,4,249500,195500,10.0000
330,SN,250m,29/09/2020,VS_PD,Y,0,0,0,0,0,0,0,0,fine_sand,4,249500,195250,0.0000
331,SL,250m,29/09/2020,VS_PD,Y,0,0,0,0,0,0,0,0,fine_sand,4,249500,195000,0.0000
332,SL,250m,29/09/2020,VS_PD,Y,0,0,0,0,0,0,0,0,fine_sand,4,249500,194750,0.0000
333,NN,250m,30/09/2020,VS_LB,Y,0,0,0,0,0,0,0,0,mud,2,249750,198500,0.0000
334,NN,250m,30/09/2020,VS_LB,Y,6,2,0,0,0,0,0,0,sand,5,249750,198000,0.0000
335,NN,250m,30/09/2020,VS_LB,Y,189,34,1,3,0,0,0,0,muddy_sand,3,249750,197750,3.0000
336,NN,250m,30/09/2020,VS_LB,N,,,,,,,,,channel,7,249750,197500,
337,NQ,250m,01/10/2020,VS_AP,Y,1,1,1,7,0,0,0,0,sand,5,249750,197250,7.0000
338,NQ,250m,01/10/2020,VS_AP,Y,780,446,2,10,0,0,0,0,sand,5,249750,197000,10.0000
339,NQ,250m,01/10/2020,VS_AP,N,,,,,,,,,channel,7,249750,196750,
340,SM,250m,29/09/2020,VS_PD,Y,63,40,3,8,0,0,0,0,fine_sand,4,249750,196250,14.0000
341,SM,250m,29/09/2020,VS_PD,Y,810,154,6,15,28,115,0,0,fine_sand,4,249750,196000,130.0000
342,SI,250m,04/10/2020,VS_AP,Y,112,17,0,0,9,29,6,34,sand,5,249750,195750,63.0000
343,SN,250m,29/09/2020,VS_PD,Y,1,1,0,0,0,0,0,0,fine_sand,4,249750,195500,0.0000
344,NN,250m,30/09/2020,VS_LB,Y,0,0,0,0,0,0,0,0,mud,2,250000,198250,0.0000
345,NN,250m,30/09/2020,VS_LB,Y,0,0,0,0,0,0,0,0,sand,5,250000,198000,0.0000
346,NN,250m,30/09/2020,VS_LB,N,,,,,,,,,channel,7,250000,197750,
347,NR,250m,01/10/2020,VS_AP,Y,6,1,0,0,0,0,0,0,sand,5,250000,197500,0.0000
348,NQ,250m,01/10/2020,VS_AP,N,,,,,,,,,channel,7,250000,197250,
349,NQ,250m,01/10/2020,VS_AP,Y,145,171,4,30,0,0,0,0,sand,5,250000,197000,30.0000
350,NQ,250m,01/10/2020,VS_AP,N,,,,,,,,,channel,7,250000,196750,
351,SM,250m,29/09/2020,VS_PD,Y,23,5,0,0,0,0,0,0,fine_sand,4,250000,196000,0.0000
352,SM,250m,29/09/2020,VS_PD,Y,0,0,0,0,0,0,0,0,fine_sand,4,250000,195750,0.0000
353,SN,250m,29/09/2020,VS_PD,Y,26,3,0,0,0,0,0,0,fine_sand,4,250000,195500,0.0000
354,NN,250m,30/09/2020,VS_LB,Y,0,0,0,0,0,0,0,0,sand,5,250250,198000,0.0000
355,NN,250m,30/09/2020,VS_LB,Y,0,0,5,6,0,0,0,0,sand,5,250250,197750,0.0000
356,NR,250m,01/10/2020,VS_AP,Y,130,12,4,8,0,0,0,0,fine_sand,4,250250,197500,8.0000
357,NR,250m,01/10/2020,VS_AP,N,,,,,,,,,channel,7,250250,197250,
358,NQ,250m,01/10/2020,VS_AP,Y,97,91,1,6,1,8,0,0,sand,5,250250,196750,14.0000
359,SO,250m,29/09/2020,AP_AL,Y,9,4,0,0,0,0,2,23,fine_sand,4,250250,196250,23.0000
360,SM,250m,29/09/2020,VS_PD,Y,210,147,6,17,3,13,0,0,fine_sand,4,250250,196000,30.0000
361,SM,250m,29/09/2020,VS_PD,Y,316,32,5,16,13,67,0,0,fine_sand,4,250250,195750,82.0000
362,SN,250m,29/09/2020,VS_PD,Y,392,42,2,4,2,9,0,0,fine_sand,4,250250,195500,13.0000
364,NN,250m,30/09/2020,VS_LB,Y,0,0,1,1,0,0,0,0,sand,5,250500,197750,0.0000
365,NR,250m,01/10/2020,VS_AP,Y,4,1,20,22,3,13,0,0,fine_sand,4,250500,197500,13.0000
366,NR,250m,01/10/2020,VS_AP,Y,70,15,0,0,0,0,0,0,sand,5,250500,197250,0.0000
367,NR,250m,01/10/2020,VS_AP,N,,,,,,,,,channel,7,250500,197000,
368,SO,250m,29/09/2020,AP_AL,Y,10,6,1,1,0,0,0,0,sand,5,250500,196250,1.0000
369,SO,250m,29/09/2020,AP_AL,Y,140,90,4,15,4,19,0,0,fine_sand,4,250500,196000,40.0000
370,SM,250m,29/09/2020,VS_PD,Y,99,10,13,25,7,25,0,0,fine_sand,4,250500,195750,48.0000
371,SN,250m,29/09/2020,VS_PD,Y,9,1,2,4,0,0,0,0,fine_sand,4,250500,195500,4.0000
372,SN,250m,29/09/2020,VS_PD,Y,0,0,0,0,0,0,0,0,sand,5,250500,195250,0.0000
373,NR,250m,01/10/2020,VS_AP,Y,0,0,3,3,1,3,0,0,sand,5,250750,197500,3.0000
374,NR,250m,01/10/2020,VS_AP,Y,178,16,0,0,0,0,0,0,fine_sand,4,250750,197250,0.0000
375,NR,250m,01/10/2020,VS_AP,Y,1,1,0,0,0,0,0,0,muddy_sand,3,250750,197000,0.0000
376,SO,250m,29/09/2020,AP_AL,Y,55,53,0,0,0,0,3,34,sand,5,250750,196250,34.0000
377,SO,250m,29/09/2020,AP_AL,Y,146,30,0,0,0,0,1,7,mud,2,250750,196000,7.0000
378,SP,250m,29/09/2020,AP_AL,Y,52,5,4,6,8,24,2,11,fine_sand,4,250750,195750,41.0000
379,SP,250m,29/09/2020,AP_AL,Y,0,0,2,2,4,9,0,0,fine_sand,4,250750,195500,9.0000
380,SP,250m,29/09/2020,AP_AL,Y,0,0,1,2,0,0,0,0,muddy_sand,3,250750,195250,2.0000
381,NR,250m,01/10/2020,VS_AP,Y,5,1,1,1,1,3,0,0,sand,5,251000,197250,0.0000
382,NR,250m,01/10/2020,VS_AP,Y,1050,171,0,0,0,0,0,0,fine_sand,4,251000,197000,0.0000
383,SO,250m,29/09/2020,AP_AL,Y,390,475,0,0,3,29,0,0,sand,5,251000,196250,38.0000
384,SO,250m,29/09/2020,AP_AL,Y,635,114,0,0,2,9,1,6,mud,2,251000,196000,15.0000
385,SP,250m,29/09/2020,AP_AL,Y,29,3,0,0,2,7,1,5,sand,5,251000,195750,14.0000
386,SP,250m,29/09/2020,AP_AL,Y,3,1,2,2,2,4,0,0,sand,5,251000,195500,4.0000
387,SP,250m,29/09/2020,AP_AL,Y,0,0,1,2,0,0,0,0,muddy_sand,3,251000,195250,5.0000
388,NS,250m,01/10/2020,LB_CG,Y,1,1,2,2,0,0,0,0,sand,5,251250,197250,0.0000
389,NS,250m,01/10/2020,LB_CG,Y,60,5,2,5,0,0,0,0,muddy_sand,3,251250,197000,4.0000
390,SO,250m,29/09/2020,AP_AL,Y,24,15,0,0,0,0,0,0,sand,5,251250,196250,5.0000
391,SO,250m,29/09/2020,VS_PD,Y,384,38,0,0,0,0,1,6,sand,5,251250,196000,6.0000
392,SP,250m,29/09/2020,AP_AL,Y,10,1,0,0,2,7,0,0,sand,5,251250,195750,7.0000
393,SP,250m,29/09/2020,AP_AL,Y,0,0,0,0,1,3,0,0,fine_sand,4,251250,195500,3.0000
394,NS,250m,01/10/2020,LB_CG,Y,0,0,0,0,0,0,0,0,sand,5,251500,197250,0.0000
395,SO,250m,29/09/2020,AP_AL,Y,465,76,0,0,0,0,1,8,sand,5,251500,196000,8.0000
396,SP,250m,29/09/2020,AP_AL,Y,24,2,3,3,2,4,0,0,fine_sand,4,251500,195750,4.0000
398,NS,250m,01/10/2020,LB_CG,Y,0,0,0,0,0,0,0,0,mud,2,251750,197250,0.0000
399,NS,250m,01/10/2020,LB_CG,Y,412,40,7,10,1,4,0,0,sand,5,251750,197000,7.0000
400,SO,250m,29/09/2020,AP_AL,Y,285,36,1,2,0,0,0,0,fine_sand,4,251750,196000,2.0000
401,SP,250m,29/09/2020,AP_AL,Y,8,1,1,2,0,0,0,0,fine_sand,4,251750,195750,2.0000
402,SP,250m,29/09/2020,VS_PD,Y,0,0,0,0,0,0,0,0,muddy_sand,3,251750,195500,0.0000
404,NS,250m,01/10/2020,LB_CG,Y,1,1,1,1,0,0,0,0,sand,5,252000,197250,0.0000
406,SO,250m,29/09/2020,AP_AL,Y,84,17,0,0,0,0,0,0,fine_sand,4,252000,196000,0.0000
407,NS,250m,01/10/2020,LB_CG,Y,94,12,8,7,3,13,0,0,mud,2,252250,197250,13.0000
409,NS,250m,01/10/2020,LB_CG,Y,182,21,10,18,13,56,0,0,sand,5,252500,197250,7.0000
410,SQ,250m,26/09/2020,VS,Y,6,5,0,0,0,0,0,0,fine_sand,4,252500,196250,0.0000
412,NS,250m,01/10/2020,LB_CG,Y,370,38,30,41,60,189,4,27,muddy_sand,3,252750,197250,263.0000
413,NS,250m,01/10/2020,LB_CG,N,,,,,,,,,channel,7,252750,196750,
414,SQ,250m,26/09/2020,VS,N,,,,,,,,,channel,7,252750,196500,
415,SQ,250m,26/09/2020,VS,Y,8,2,1,2,0,0,0,0,fine_sand,4,252750,196250,0.0000
417,NS,250m,01/10/2020,LB_CG,Y,820,89,13,27,58,206,1,7,muddy_sand,3,253000,197250,239.0000
418,SQ,250m,26/09/2020,VS,N,,,,,,,,,channel,7,253000,196750,
419,SQ,250m,26/09/2020,VS,N,,,,,,,,,channel,7,253000,196500,
420,SQ,250m,26/09/2020,VS,Y,3,1,0,0,1,5,0,0,fine_sand,4,253000,196250,5.0000
422,NS,250m,01/10/2020,LB_CG,Y,720,192,3,15,1,8,0,0,sand,5,253250,197000,23.0000
423,SQ,250m,26/09/2020,VS,N,,,,,,,,,channel,7,253250,196750,
424,SQ,250m,26/09/2020,VS,N,,,,,,,,,channel,7,253250,196500,
425,SQ,250m,26/09/2020,VS,Y,0,0,0,0,0,0,0,0,fine_sand,4,253250,196250,0.0000
426,NS,250m,01/10/2020,LB_CG,Y,1,1,2,1,0,0,1,8,sand,5,253500,197000,8.0000
427,SR,250m,26/09/2020,VS,N,,,,,,,,,channel,7,253500,196750,
428,SR,250m,26/09/2020,VS,N,,,,,,,,,channel,7,253500,196500,
429,SR,250m,26/09/2020,VS,N,,,,,,,,,channel,7,253750,197000,
430,SR,250m,26/09/2020,VS,N,,,,,,,,,channel,7,253750,196750,
431,SR,250m,26/09/2020,VS,N,,,,,,,,,channel,7,254000,197250,
432,SR,250m,26/09/2020,VS,N,,,,,,,,,channel,7,254000,197000,
433,SR,250m,26/09/2020,VS,N,,,,,,,,,channel,7,254000,196750,
434,SR,250m,26/09/2020,VS,N,,,,,,,,,channel,7,254250,197250,
435,SR,250m,26/09/2020,VS,N,,,,,,,,,channel,7,254250,197000,
436,SR,250m,26/09/2020,VS,N,,,,,,,,,channel,7,254500,197250,
445,NF,250m,03/10/2020,VS_AP,Y,31,30,1,5,0,0,0,0,sand,5,247000,200000,5.0000
446,NF,250m,03/10/2020,VS_AP,Y,2,2,0,0,1,7,0,0,sand,5,247000,199750,7.0000
447,NC,250m,03/10/2020,VS_AP,Y,0,0,0,0,0,0,0,0,sand,5,247000,199500,0.0000
448,NC,250m,03/10/2020,VS_AP,Y,2,3,1,8,0,0,0,0,sand,5,247000,199250,8.0000
449,NH,250m,02/10/2020,VS_AP,Y,21,17,0,0,0,0,0,0,sand,5,247250,198750,0.0000
450,NH,250m,02/10/2020,VS_AP,N,,,,,,,,,channel,7,247750,198250,
451,NI,250m,03/10/2020,RS_PD,Y,415,42,1,3,0,0,0,0,fine_sand,4,249000,200000,3.0000
452,NK,250m,30/09/2020,AP_PD,Y,3,1,1,1,0,0,2,10,muddy_sand,3,249500,198750,10.0000
453,NL,250m,30/09/2020,VS_LB,N,,,,,,,,,mud,2,249500,198500,0.0000
454,NN,250m,30/09/2020,VS_LB,Y,200,19,14,11,1,4,2,8,muddy_sand,3,249750,198250,20.0000
455,NL,250m,30/09/2020,AP_PD,Y,1040,244,35,109,7,36,3,19,sand,5,248750,198250,163.0000
458,NQ,250m,01/10/2020,VS_AP,Y,61,65,0,0,0,0,0,0,sand,5,249500,197250,0.0000
459,NS,250m,01/10/2020,LB_CG,Y,820,67,3,5,2,9,0,0,muddy_sand,3,251500,197000,14.0000
460,NQ,250m,01/10/2020,VS_AP,Y,0,0,0,0,0,0,0,0,sand,5,250500,196750,0.0000
461,NR,250m,01/10/2020,VS_AP,N,,,,,,,,,channel,7,250750,196750,
462,NR,250m,01/10/2020,VS_AP,N,,,,,,,,,channel,7,251000,196750,
463,NS,250m,01/10/2020,LB_CG,N,,,,,,,,,channel,7,251250,196750,
464,NS,250m,01/10/2020,LB_CG,N,,,,,,,,,channel,7,251500,196750,
469,SC,250m,05/10/2020,VS_AP,N,,,,,,,,,channel,7,246000,196000,
470,SJ,250m,04/10/2020,VS_AP,Y,28,3,0,0,3,9,0,0,sand,5,248500,195500,9.0000
471,SJ,250m,04/10/2020,VS_AP,Y,1,1,0,0,0,0,0,0,sand,5,248750,195500,0.0000
472,SJ,250m,04/10/2020,VS_AP,Y,0,0,0,0,0,0,0,0,sand,5,248500,195250,0.0000
473,SJ,250m,04/10/2020,VS_AP,Y,6,1,0,0,0,0,0,0,sand,5,248750,195250,0.0000
474,SL,250m,29/09/2020,VS_PD,N,,,,,,,,,saltmarsh,1,249000,194750,
475,SN,250m,29/09/2020,VS_PD,Y,0,0,0,0,0,0,1,6,fine_sand,4,249750,195250,6.0000
476,SN,250m,29/09/2020,VS_PD,Y,0,0,0,0,0,0,0,0,fine_sand,4,250000,195250,0.0000
477,SN,250m,29/09/2020,VS_PD,Y,1,1,0,0,10,22,0,0,fine_sand,4,250250,195250,22.0000
478,SP,250m,29/09/2020,AP_AL,Y,0,0,1,1,0,0,0,0,fine_sand,4,251500,195500,0.0000
479,SM,250m,29/09/2020,VS_PD,Y,24,14,0,0,0,0,0,0,fine_sand,4,250000,196250,0.0000
480,SQ,250m,26/09/2020,VS,Y,8,5,0,0,1,6,0,0,fine_sand,4,252250,196250,6.0000
481,SQ,250m,26/09/2020,VS,N,,,,,,,,,channel,7,252500,196500,
482,NQ,250m,01/10/2020,VS_AP,Y,0,0,0,0,0,0,0,0,sand,5,250250,197000,0.0000
483,SL,250m,29/09/2020,VS_PD,N,,,,,,,,,saltmarsh,1,249500,194500,
484,SL,250m,29/09/2020,VS_PD,Y,1,1,0,0,0,0,1,3,fine_sand,4,249750,195000,3.0000
485,SL,250m,29/09/2020,VS_PD,N,,,,,,,,,saltmarsh,1,249750,194750,
486,SL,250m,29/09/2020,VS_PD,N,,,,,,,,,saltmarsh,1,249750,194500,
487,SL,250m,29/09/2020,VS_PD,Y,0,0,0,0,0,0,0,0,fine_sand,4,250000,195000,0.0000
488,SL,250m,29/09/2020,VS_PD,N,,,,,,,,,saltmarsh,1,250000,194750,
1400,NS,250m,01/10/2020,LB_CG,N,,,,,,,,,channel,7,251750,196750,
1405,NS,250m,01/10/2020,LB_CG,Y,9,1,3,4,1,3,0,0,sand,5,252000,197000,7.0000
1406,NS,250m,01/10/2020,LB_CG,N,,,,,,,,,channel,7,252000,196750,
1408,NS,250m,01/10/2020,LB_CG,Y,21,3,0,0,0,0,0,0,sand,5,252250,197000,0.0000
1409,NS,250m,01/10/2020,LB_CG,N,,,,,,,,,channel,7,252250,196750,
1410,NS,250m,01/10/2020,LB_CG,Y,83,12,3,7,2,8,0,0,sand,5,252500,197000,14.0000
1411,NS,250m,01/10/2020,LB_CG,N,,,,,,,,,channel,7,252500,196750,
1413,NS,250m,01/10/2020,LB_CG,Y,315,56,7,20,5,22,0,0,sand,5,252750,197000,43.0000
1420,NS,250m,01/10/2020,LB_CG,Y,700,160,1,3,4,21,0,0,sand,5,253000,197000,24.0000
a1,ZN,100m_n,28/09/2020,VS,Y,38,10,0,0,0,0,0,0,sand,5,247700,199300,0.0000
a2,ZN,100m_n,28/09/2020,VS,Y,265,49,12,26,3,10,0,0,sand,5,247800,199300,37.0000
a3,ZN,100m_n,28/09/2020,VS,Y,238,33,81,173,25,108,8,48,sand,5,247900,199300,323.0000
a4,ZN,100m_n,28/09/2020,VS,Y,43,310,57,101,45,150,14,87,fine_sand,4,248000,199300,343.0000
a5,ZN,100m_n,28/09/2020,AP_RG,Y,530,66,36,72,11,41,9,56,muddy_sand,3,248100,199300,172.0000
a6,ZN,100m_n,28/09/2020,AP_RG,Y,46,7,47,64,11,37,23,108,muddy_sand,3,248200,199300,202.0000
a7,ZN,100m_n,28/09/2020,AP_RG,Y,210,27,6,12,0,0,4,17,sand,5,248300,199300,30.0000
b1,ZN,100m_n,28/09/2020,VS,Y,190,90,3,12,1,8,0,0,sand,5,247700,199200,20.0000
b2,ZN,100m_n,28/09/2020,VS,Y,13,4,1,3,1,4,0,0,sand,5,247800,199200,4.0000
b3,ZN,100m_n,28/09/2020,VS,Y,76,18,1,2,0,0,1,7,sand,5,247900,199200,9.0000
b4,ZN,100m_n,28/09/2020,VS,Y,78,16,5,13,2,9,0,0,fine_sand,4,248000,199200,20.0000
b5,ZN,100m_n,28/09/2020,AP_RG,Y,53,7,45,78,76,245,21,116,muddy_sand,3,248100,199200,447.0000
b6,ZN,100m_n,28/09/2020,AP_RG,Y,116,26,46,79,20,69,34,177,muddy_sand,3,248200,199200,332.0000
b7,ZN,100m_n,28/09/2020,AP_RG,Y,340,52,11,20,0,0,0,0,sand,5,248300,199200,20.0000
c1,ZN,100m_n,28/09/2020,VS,Y,0,0,0,0,0,0,0,0,sand,5,247700,199100,0.0000
c2,ZN,100m_n,28/09/2020,VS,Y,7,1,0,0,0,0,0,0,sand,5,247800,199100,0.0000
c3,ZN,100m_n,28/09/2020,VS,Y,11,2,2,4,0,0,0,0,sand,5,247900,199100,4.0000
c4,ZN,100m_n,28/09/2020,VS,Y,0,0,0,0,0,0,0,0,sand,5,248000,199100,0.0000
c5,ZN,100m_n,28/09/2020,AP_RG,Y,750,100,19,33,13,44,2,9,sand,5,248100,199100,89.0000
c6,ZN,100m_n,28/09/2020,AP_RG,Y,78,15,38,74,2,8,2,10,sand,5,248200,199100,93.0000
c7,ZN,100m_n,28/09/2020,AP_RG,Y,134,20,59,113,12,48,3,18,sand,5,248300,199100,179.0000
d1,ZN,100m_n,28/09/2020,VS,Y,86,19,1,3,0,0,1,7,sand,5,247700,199000,15.0000
d2,ZN,100m_n,28/09/2020,VS,Y,120,24,0,0,1,5,0,0,sand,5,247800,199000,5.0000
d3,ZN,100m_n,28/09/2020,VS,Y,98,19,0,0,6,18,0,0,sand,5,247900,199000,18.0000
d4,ZN,100m_n,28/09/2020,VS,Y,300,40,73,144,17,64,7,42,sand,5,248000,199000,252.0000
d5,ZN,100m_n,28/09/2020,AP_RG,Y,462,81,5,14,3,14,1,7,sand,5,248100,199000,36.0000
d6,ZN,100m_n,28/09/2020,AP_RG,Y,310,50,3,7,4,17,7,33,sand,5,248200,199000,57.0000
d7,ZN,100m_n,28/09/2020,AP_RG,Y,450,86,9,20,2,9,6,34,sand,5,248300,199000,68.0000
e1,ZN,100m_n,28/09/2020,VS,Y,405,92,4,13,1,6,0,0,fine_sand,4,247700,198900,18.0000
e2,ZN,100m_n,28/09/2020,VS,Y,170,36,5,15,0,0,0,0,sand,5,247800,198900,15.0000
e3,ZN,100m_n,28/09/2020,VS,Y,630,119,33,96,8,38,1,7,fine_sand,4,247900,198900,144.0000
e4,ZN,100m_n,28/09/2020,VS,Y,345,73,9,29,1,3,1,8,sand,5,248000,198900,38.0000
e5,ZN,100m_n,28/09/2020,AP_RG,Y,260,48,0,0,3,13,3,23,sand,5,248100,198900,39.0000
e6,ZN,100m_n,28/09/2020,AP_RG,Y,720,108,5,18,0,0,0,0,sand,5,248200,198900,18.0000
e7,ZN,100m_n,28/09/2020,AP_RG,Y,475,103,3,9,0,0,1,7,sand,5,248300,198900,14.0000
f1,ZN,100m_n,28/09/2020,VS,Y,690,213,6,24,6,39,0,0,fine_sand,4,247700,198800,65.0000
f2,ZN,100m_n,28/09/2020,VS,Y,790,204,3,11,2,12,1,10,fine_sand,4,247800,198800,34.0000
f3,ZN,100m_n,28/09/2020,VS,Y,880,200,13,43,3,11,3,26,fine_sand,4,247900,198800,88.0000
f4,ZN,100m_n,28/09/2020,AP_RG,Y,800,200,44,140,8,42,1,6,muddy_sand,3,248000,198800,189.0000
f5,ZN,100m_n,28/09/2020,AP_RG,Y,8,1,0,0,0,0,0,0,sand,5,248100,198800,0.0000
f6,ZN,100m_n,28/09/2020,AP_RG,Y,980,178,4,12,1,4,4,31,sand,5,248200,198800,47.0000
f7,ZN,100m_n,28/09/2020,AP_RG,Y,462,81,5,14,3,14,1,7,sand,5,248300,198800,36.0000
g1,ZN,100m_n,28/09/2020,VS,Y,700,317,6,26,3,22,0,0,fine_sand,4,247700,198700,49.0000
g2,ZN,100m_n,28/09/2020,VS,Y,710,227,16,58,2,11,2,14,fine_sand,4,247800,198700,82.0000
g3,ZN,100m_n,28/09/2020,VS,Y,380,115,15,60,4,21,1,12,fine_sand,4,247900,198700,93.0000
g4,ZN,100m_n,28/09/2020,AP_RG,Y,98,41,5,17,5,27,1,4,sand,5,248000,198700,49.0000
g5,ZN,100m_n,28/09/2020,AP_RG,Y,950,200,15,41,6,28,1,10,sand,5,248100,198700,79.0000
g6,ZN,100m_n,28/09/2020,AP_RG,Y,344,78,32,73,25,105,2,18,sand,5,248200,198700,195.0000
g7,ZN,100m_n,28/09/2020,AP_RG,Y,610,96,8,16,3,15,0,0,muddy_sand,3,248300,198700,32.0000
h1,ZS,100m_s,06/10/2020,VS_AP,Y,14,2,0,0,0,0,0,0,sand,5,251200,196050,0.0000
h2,ZS,100m_s,06/10/2020,VS_AP,Y,110,24,0,0,0,0,0,0,sand,5,251300,196050,0.0000
h3,ZS,100m_s,06/10/2020,VS_AP,Y,0,0,0,0,0,0,0,0,fine_sand,4,251400,196050,0.0000
h4,ZS,100m_s,06/10/2020,VS_AP,Y,109,33,0,0,0,0,0,0,sand,5,251500,196050,0.0000
h5,ZS,100m_s,06/10/2020,VS_AP,Y,270,94,0,0,0,0,0,0,sand,5,251600,196050,0.0000
h6,ZS,100m_s,06/10/2020,VS_AP,Y,415,105,0,0,0,0,1,6,sand,5,251700,196050,6.0000
h7,ZS,100m_s,06/10/2020,VS_AP,Y,4,1,0,0,0,0,0,0,muddy_sand,3,251800,196050,0.0000
i1,ZS,100m_s,06/10/2020,VS_AP,Y,51,3,0,0,0,0,0,0,sand,5,251200,195950,0.0000
i2,ZS,100m_s,06/10/2020,VS_AP,Y,118,12,3,6,1,2,1,4,sand,5,251300,195950,12.0000
i3,ZS,100m_s,06/10/2020,VS_AP,Y,3,1,0,0,0,0,0,0,fine_sand,4,251400,195950,0.0000
i4,ZS,100m_s,06/10/2020,VS_AP,Y,148,40,12,34,1,3,6,36,fine_sand,4,251500,195950,73.0000
i5,ZS,100m_s,06/10/2020,VS_AP,Y,246,25,1,2,7,23,4,27,sand,5,251600,195950,52.0000
i6,ZS,100m_s,06/10/2020,VS_AP,Y,144,16,0,0,9,27,2,8,sand,5,251700,195950,35.0000
i7,ZS,100m_s,06/10/2020,VS_AP,Y,51,5,0,0,2,6,0,0,sand,5,251800,195950,6.0000
j1,ZS,100m_s,06/10/2020,VS_AP,Y,18,1,0,0,3,9,0,0,sand,5,251200,195850,9.0000
j2,ZS,100m_s,06/10/2020,VS_AP,Y,48,4,1,2,2,7,0,0,sand,5,251300,195850,10.0000
j3,ZS,100m_s,06/10/2020,VS_AP,Y,81,9,0,0,7,21,1,5,sand,5,251400,195850,26.0000
j4,ZS,100m_s,06/10/2020,VS_AP,Y,109,12,41,47,64,154,5,27,fine_sand,4,251500,195850,197.0000
j5,ZS,100m_s,06/10/2020,VS_AP,Y,80,9,2,2,55,121,10,48,muddy_sand,3,251600,195850,166.0000
j6,ZS,100m_s,06/10/2020,VS_AP,Y,120,23,0,0,14,39,2,11,sand,5,251700,195850,50.0000
j7,ZS,100m_s,06/10/2020,VS_AP,Y,104,10,8,10,16,38,1,5,sand,5,251800,195850,52.0000
k1,ZS,100m_s,06/10/2020,VS_AP,Y,18,1,0,0,2,6,0,0,sand,5,251200,195750,6.0000
k2,ZS,100m_s,06/10/2020,VS_AP,Y,81,7,0,0,0,0,0,0,sand,5,251300,195750,0.0000
k3,ZS,100m_s,06/10/2020,VS_AP,Y,82,7,0,0,3,7,3,15,sand,5,251400,195750,23.0000
k4,ZS,100m_s,06/10/2020,VS_AP,Y,8,1,0,0,0,0,0,0,muddy_sand,3,251500,195750,0.0000
k5,ZS,100m_s,06/10/2020,VS_AP,Y,13,2,8,6,8,16,4,17,muddy_sand,3,251600,195750,34.0000
k6,ZS,100m_s,06/10/2020,VS_AP,Y,38,3,3,3,9,20,3,11,muddy_sand,3,251700,195750,34.0000
k7,ZS,100m_s,06/10/2020,VS_AP,Y,40,3,1,1,0,0,0,0,sand,5,251800,195750,0.0000
l1,ZS,100m_s,06/10/2020,VS_AP,Y,9,1,1,2,0,0,0,0,sand,5,251200,195650,2.0000
l2,ZS,100m_s,06/10/2020,VS_AP,Y,26,1,0,0,5,13,0,0,sand,5,251300,195650,13.0000
l3,ZS,100m_s,06/10/2020,VS_AP,Y,34,3,1,1,0,0,0,0,sand,5,251400,195650,0.0000
l4,ZS,100m_s,06/10/2020,VS_AP,Y,0,0,0,0,0,0,0,0,fine_sand,4,251500,195650,0.0000
l5,ZS,100m_s,06/10/2020,VS_AP,Y,17,2,3,3,1,2,1,3,sand,5,251600,195650,3.0000
l6,ZS,100m_s,06/10/2020,VS_AP,Y,19,1,1,1,2,4,0,0,sand,5,251700,195650,4.0000
l7,ZS,100m_s,06/10/2020,VS_AP,Y,14,1,0,0,0,0,0,0,sand,5,251800,195650,0.0000
m1,ZS,100m_s,06/10/2020,VS_AP,Y,0,0,2,2,1,3,0,0,sand,5,251200,195550,3.0000
m2,ZS,100m_s,06/10/2020,VS_AP,Y,9,1,2,3,1,3,1,4,sand,5,251300,195550,9.0000
m3,ZS,100m_s,06/10/2020,VS_AP,Y,9,1,0,0,1,6,0,0,sand,5,251400,195550,6.0000
m4,ZS,100m_s,06/10/2020,VS_AP,Y,0,0,0,0,0,0,0,0,sand,5,251500,195550,0.0000
m5,ZS,100m_s,06/10/2020,VS_AP,Y,0,0,0,0,0,0,0,0,sand,5,251600,195550,0.0000
m6,ZS,100m_s,06/10/2020,VS_AP,Y,3,1,0,0,6,14,1,3,sand,5,251700,195550,18.0000
m7,ZS,100m_s,06/10/2020,VS_AP,Y,0,0,0,0,0,0,0,0,sand,5,251800,195550,0.0000
n1,ZS,100m_s,06/10/2020,VS_AP,Y,0,0,1,1,1,3,0,0,sand,5,251200,195450,3.0000
n2,ZS,100m_s,06/10/2020,VS_AP,Y,0,0,0,0,0,0,0,0,sand,5,251300,195450,0.0000
n3,ZS,100m_s,06/10/2020,VS_AP,Y,0,0,0,0,0,0,0,0,sand,5,251400,195450,0.0000
n4,ZS,100m_s,06/10/2020,VS_AP,N,,,,,,,,,saltmarsh,1,251500,195450,
n5,ZS,100m_s,06/10/2020,VS_AP,N,,,,,,,,,saltmarsh,1,251600,195450,
n6,ZS,100m_s,06/10/2020,VS_AP,Y,0,0,0,0,0,0,0,0,sand,5,251700,195450,0.0000
n7,ZS,100m_s,06/10/2020,VS_AP,Y,0,0,0,0,0,0,0,0,sand,5,251800,195450,0.0000